insert into trips
  (id, title, destination, start_date, end_date, description, cover_image_url)
values
  (
    '11111111-1111-1111-1111-111111111111',
    '도쿄 3박 4일 여행',
    '도쿄',
    '2026-04-01',
    '2026-04-04',
    '벚꽃 시즌에 다녀온 도쿄 여행 기록',
    'https://images.unsplash.com/photo-1540959733332-eab4deabeeaf?q=80&w=1200&auto=format&fit=crop'
  ),
  (
    '22222222-2222-2222-2222-222222222222',
    '부산 주말 여행',
    '부산',
    '2026-03-15',
    '2026-03-16',
    '바다와 음식 위주로 다녀온 짧은 여행',
    'https://images.unsplash.com/photo-1507525428034-b723cf961d3e?q=80&w=1200&auto=format&fit=crop'
  ),
  (
    '33333333-3333-3333-3333-333333333333',
    '제주 2박 3일 드라이브',
    '제주',
    '2026-02-10',
    '2026-02-12',
    '렌터카를 타고 해안도로와 카페를 중심으로 다녀온 여행',
    'https://images.unsplash.com/photo-1506744038136-46273834b3fb?q=80&w=1200&auto=format&fit=crop'
  ),
  (
    '44444444-4444-4444-4444-444444444444',
    '오사카 먹방 여행',
    '오사카',
    '2026-01-20',
    '2026-01-24',
    '도톤보리와 우메다를 중심으로 음식 위주로 즐긴 여행',
    'https://images.unsplash.com/photo-1590559899731-a382839e5549?q=80&w=1200&auto=format&fit=crop'
  ),
  (
    '55555555-5555-5555-5555-555555555555',
    '교토 가을 산책',
    '교토',
    '2025-11-18',
    '2025-11-21',
    '단풍이 한창일 때 다녀온 조용한 교토 여행',
    'https://images.unsplash.com/photo-1493976040374-85c8e12f0c0e?q=80&w=1200&auto=format&fit=crop'
  ),
  (
    '66666666-6666-6666-6666-666666666666',
    '후쿠오카 1박 2일',
    '후쿠오카',
    '2026-03-02',
    '2026-03-03',
    '짧게 다녀온 쇼핑과 라멘 중심 여행',
    'https://images.unsplash.com/photo-1513407030348-c983a97b98d8?q=80&w=1200&auto=format&fit=crop'
  ),
  (
    '77777777-7777-7777-7777-777777777777',
    '강릉 바다 여행',
    '강릉',
    '2026-04-12',
    '2026-04-13',
    '바다와 카페, 조용한 산책 위주의 1박 2일 여행',
    'https://images.unsplash.com/photo-1500530855697-b586d89ba3ee?q=80&w=1200&auto=format&fit=crop'
  ),
  (
    '88888888-8888-8888-8888-888888888888',
    '대만 타이베이 자유여행',
    '타이베이',
    '2025-12-05',
    '2025-12-09',
    '야시장과 골목 산책, 소품샵 구경이 중심이 된 여행',
    'https://images.unsplash.com/photo-1470115636492-6d2b56f9146d?q=80&w=1200&auto=format&fit=crop'
  ),
  (
    '99999999-9999-9999-9999-999999999999',
    '싱가포르 도시 여행',
    '싱가포르',
    '2026-02-22',
    '2026-02-26',
    '도시 풍경과 야경, 실내 명소 중심으로 다녀온 여행',
    'https://images.unsplash.com/photo-1525625293386-3f8f99389edd?q=80&w=1200&auto=format&fit=crop'
  )
on conflict (id) do nothing;

insert into trip_entries
  (id, trip_id, entry_date, title, content, image_url, mood_tag)
values
  (
    'a1111111-1111-1111-1111-111111111111',
    '11111111-1111-1111-1111-111111111111',
    '2026-04-01',
    '첫날 도착',
    '나리타 공항에 도착해서 숙소에 짐을 풀고 근처 골목을 걸었다.',
    'https://images.unsplash.com/photo-1526481280695-3c4691f9f66f?q=80&w=1200&auto=format&fit=crop',
    '설렘'
  ),
  (
    'a1111111-1111-1111-1111-111111111112',
    '11111111-1111-1111-1111-111111111111',
    '2026-04-02',
    '우에노 공원 벚꽃',
    '벚꽃이 정말 많았고 사람이 많았지만 분위기가 좋았다.',
    'https://images.unsplash.com/photo-1493976040374-85c8e12f0c0e?q=80&w=1200&auto=format&fit=crop',
    '행복'
  ),
  (
    'a1111111-1111-1111-1111-111111111113',
    '11111111-1111-1111-1111-111111111111',
    '2026-04-03',
    '아키하바라 저녁',
    '저녁에 아키하바라를 걸으면서 소품샵과 게임 매장을 구경했다.',
    'https://images.unsplash.com/photo-1545569341-9eb8b30979d9?q=80&w=1200&auto=format&fit=crop',
    '들뜸'
  ),

  (
    'a2222222-2222-2222-2222-222222222221',
    '22222222-2222-2222-2222-222222222222',
    '2026-03-15',
    '광안리 산책',
    '저녁에 광안리 해변을 걸으면서 야경을 봤다.',
    'https://images.unsplash.com/photo-1507525428034-b723cf961d3e?q=80&w=1200&auto=format&fit=crop',
    '평온'
  ),
  (
    'a2222222-2222-2222-2222-222222222222',
    '22222222-2222-2222-2222-222222222222',
    '2026-03-16',
    '해운대 아침',
    '이른 아침 해운대에 가서 사람이 적을 때 바다를 오래 봤다.',
    'https://images.unsplash.com/photo-1519046904884-53103b34b206?q=80&w=1200&auto=format&fit=crop',
    '차분'
  ),

  (
    'a3333333-3333-3333-3333-333333333331',
    '33333333-3333-3333-3333-333333333333',
    '2026-02-10',
    '공항 도착 후 해안도로',
    '차를 빌리고 바로 해안도로를 달렸는데 바람이 시원하고 풍경이 좋았다.',
    'https://images.unsplash.com/photo-1470770903676-69b98201ea1c?q=80&w=1200&auto=format&fit=crop',
    '상쾌'
  ),
  (
    'a3333333-3333-3333-3333-333333333332',
    '33333333-3333-3333-3333-333333333333',
    '2026-02-11',
    '카페와 노을',
    '오후에는 카페에 들렀다가 노을 시간에 맞춰 바다를 봤다.',
    'https://images.unsplash.com/photo-1500534314209-a25ddb2bd429?q=80&w=1200&auto=format&fit=crop',
    '여유'
  ),

  (
    'a4444444-4444-4444-4444-444444444441',
    '44444444-4444-4444-4444-444444444444',
    '2026-01-20',
    '도톤보리 첫날',
    '숙소에 짐을 풀고 바로 도톤보리로 가서 길거리 음식부터 먹기 시작했다.',
    'https://images.unsplash.com/photo-1590559899731-a382839e5549?q=80&w=1200&auto=format&fit=crop',
    '신남'
  ),
  (
    'a4444444-4444-4444-4444-444444444442',
    '44444444-4444-4444-4444-444444444444',
    '2026-01-21',
    '라멘 투어',
    '점심과 저녁 모두 라멘을 먹었고 가게마다 맛이 달라서 재미있었다.',
    'https://images.unsplash.com/photo-1555126634-323283e090fa?q=80&w=1200&auto=format&fit=crop',
    '만족'
  ),
  (
    'a4444444-4444-4444-4444-444444444443',
    '44444444-4444-4444-4444-444444444444',
    '2026-01-22',
    '우메다 야경',
    '밤에 우메다 전망대에 올라 도시 불빛을 오래 바라봤다.',
    'https://images.unsplash.com/photo-1500530855697-b586d89ba3ee?q=80&w=1200&auto=format&fit=crop',
    '감탄'
  ),

  (
    'a5555555-5555-5555-5555-555555555551',
    '55555555-5555-5555-5555-555555555555',
    '2025-11-18',
    '아침 사찰 산책',
    '이른 시간에 사찰 근처를 걸었는데 조용하고 공기가 차가웠다.',
    'https://images.unsplash.com/photo-1480796927426-f609979314bd?q=80&w=1200&auto=format&fit=crop',
    '고요'
  ),
  (
    'a5555555-5555-5555-5555-555555555552',
    '55555555-5555-5555-5555-555555555555',
    '2025-11-19',
    '단풍 길',
    '골목과 공원 모두 단풍이 예쁘게 물들어 사진을 많이 찍었다.',
    'https://images.unsplash.com/photo-1501785888041-af3ef285b470?q=80&w=1200&auto=format&fit=crop',
    '따뜻함'
  ),

  (
    'a6666666-6666-6666-6666-666666666661',
    '66666666-6666-6666-6666-666666666666',
    '2026-03-02',
    '하카타 도착',
    '공항에서 이동이 빨라서 도착하자마자 바로 시내 구경을 시작했다.',
    'https://images.unsplash.com/photo-1513407030348-c983a97b98d8?q=80&w=1200&auto=format&fit=crop',
    '가벼움'
  ),
  (
    'a6666666-6666-6666-6666-666666666662',
    '66666666-6666-6666-6666-666666666666',
    '2026-03-03',
    '쇼핑 후 라멘',
    '짧은 일정이라 쇼핑 위주로 다니고 마지막에 라멘으로 마무리했다.',
    'https://images.unsplash.com/photo-1555126634-323283e090fa?q=80&w=1200&auto=format&fit=crop',
    '만족'
  ),

  (
    'a7777777-7777-7777-7777-777777777771',
    '77777777-7777-7777-7777-777777777777',
    '2026-04-12',
    '안목해변 카페',
    '바다가 보이는 카페에 오래 앉아 있다가 해 질 무렵까지 머물렀다.',
    'https://images.unsplash.com/photo-1493558103817-58b2924bce98?q=80&w=1200&auto=format&fit=crop',
    '여유'
  ),
  (
    'a7777777-7777-7777-7777-777777777772',
    '77777777-7777-7777-7777-777777777777',
    '2026-04-13',
    '아침 바다 산책',
    '파도 소리가 커서 한참 동안 해변을 걸었다.',
    'https://images.unsplash.com/photo-1507525428034-b723cf961d3e?q=80&w=1200&auto=format&fit=crop',
    '평온'
  ),

  (
    'a8888888-8888-8888-8888-888888888881',
    '88888888-8888-8888-8888-888888888888',
    '2025-12-05',
    '첫 야시장',
    '도착한 날 바로 야시장에 가서 과일과 간식을 많이 사 먹었다.',
    'https://images.unsplash.com/photo-1500530855697-b586d89ba3ee?q=80&w=1200&auto=format&fit=crop',
    '들뜸'
  ),
  (
    'a8888888-8888-8888-8888-888888888882',
    '88888888-8888-8888-8888-888888888888',
    '2025-12-07',
    '골목 산책',
    '작은 소품샵과 카페를 찾아다니며 골목을 천천히 걸었다.',
    'https://images.unsplash.com/photo-1480714378408-67cf0d13bc1b?q=80&w=1200&auto=format&fit=crop',
    '호기심'
  ),

  (
    'a9999999-9999-9999-9999-999999999991',
    '99999999-9999-9999-9999-999999999999',
    '2026-02-22',
    '마리나베이 야경',
    '첫날 밤에 본 마리나베이의 야경이 가장 인상 깊었다.',
    'https://images.unsplash.com/photo-1525625293386-3f8f99389edd?q=80&w=1200&auto=format&fit=crop',
    '감탄'
  ),
  (
    'a9999999-9999-9999-9999-999999999992',
    '99999999-9999-9999-9999-999999999999',
    '2026-02-24',
    '실내 명소 위주 일정',
    '더운 날씨 때문에 실내 전시와 쇼핑몰 위주로 일정을 조정했다.',
    'https://images.unsplash.com/photo-1499092346589-b9b6be3e94b2?q=80&w=1200&auto=format&fit=crop',
    '쾌적'
  )
on conflict (id) do nothing;

insert into print_orders
  (id, trip_id, book_title, subtitle, theme, include_scope, status)
values
  (
    'b1111111-1111-1111-1111-111111111111',
    '11111111-1111-1111-1111-111111111111',
    '도쿄 여행 기록집',
    '2026년 봄 벚꽃 여행',
    'photo',
    'all',
    'pending'
  ),
  (
    'b2222222-2222-2222-2222-222222222222',
    '33333333-3333-3333-3333-333333333333',
    '제주 드라이브 기록집',
    '해안도로와 카페 중심 여행',
    'basic',
    'all',
    'processing'
  ),
  (
    'b3333333-3333-3333-3333-333333333333',
    '44444444-4444-4444-4444-444444444444',
    '오사카 먹방 노트',
    '도톤보리와 우메다의 맛 기록',
    'diary',
    'all',
    'completed'
  ),
  (
    'b4444444-4444-4444-4444-444444444444',
    '88888888-8888-8888-8888-888888888888',
    '타이베이 산책집',
    '골목과 야시장 기록',
    'photo',
    'all',
    'pending'
  )
on conflict (id) do nothing;